<?xml version="1.0" encoding="UTF-8"?>
<beans xmlns="http://www.springframework.org/schema/beans"
	xmlns:xsi="http://www.w3.org/2001/XMLSchema-instance"
	xmlns:context="http://www.springframework.org/schema/context"
	xmlns:mvc="http://www.springframework.org/schema/mvc"
	xsi:schemaLocation="http://www.springframework.org/schema/mvc http://www.springframework.org/schema/mvc/spring-mvc-4.2.xsd
		http://www.springframework.org/schema/beans http://www.springframework.org/schema/beans/spring-beans.xsd
		http://www.springframework.org/schema/context http://www.springframework.org/schema/context/spring-context-4.2.xsd">

     <context:component-scan base-package="com.global.view"></context:component-scan>
     <!-- <mvc:annotation-driven></mvc:annotation-driven> -->
     
     <!-- 파일 업로드 설정 -->
     <bean id="multipartResolver" 
     class="org.springframework.web.multipart.commons.CommonsMultipartResolver">
              <property name="maxUploadSize" value="100000" />
     </bean>
     
     <bean id="exceptionResolver" 
     class="org.springframework.web.servlet.handler.SimpleMappingExceptionResolver">
     
     <property name="exceptionMappings">
            <props>
                    <prop key="java.lang.ArithmeticException">
                       common/arithmeticError.jsp
                    </prop>
                    <prop key="java.lang.NullPointerException">
                       common/nullPointerError.jsp
                    </prop>
            </props>
     </property>
     <property name="defaultErrorView" value="common/error.jsp" />
     </bean>
     
     <!--  다국어 설정 -->
     <bean id="messageSource" 
     class="org.springframework.context.support.ResourceBundleMessageSource">
         <property name="basenames">
                <list>
                       <value>message.messageSource</value>
                </list>
         </property>
     </bean>
     
     <!-- LocaleResolver 등록 -->
     <bean id="localeResolver" 
     class="org.springframework.web.servlet.i18n.SessionLocaleResolver">
     </bean>
     
     <!-- LocaleChangeInterceptor 등록 -->
     <mvc:interceptors>
             <bean class="org.springframework.web.servlet.i18n.LocaleChangeInterceptor">
                  <property name="paramName" value="lang"></property>
             </bean>
     
     
     </mvc:interceptors>
     
     
     
</beans>
