<?xml version="1.0" encoding="UTF-8"?>
<!DOCTYPE mapper
PUBLIC "-//mybatis.org//DTD Mapper 3.0//EN"
"http://mybatis.org/dtd/mybatis-3-mapper.dtd">

<!--
- MySQL 기반
<mapper namespace = "member">
  <select id='checkId' resultType='int' parameterType='String'>
    SELECT COUNT(id) as cnt
    FROM member
    WHERE id=#{id}
  </select>

  <insert id="create" parameterType="MemberVO">
    INSERT INTO member(id, passwd, mname, tel, zipcode, address1, address2, mdate)
    VALUES (#{id}, #{passwd}, #{mname}, #{tel}, #{zipcode}, #{address1}, #{address2}, now()) 
  </insert>
</mapper>
-->

<!-- Oracle 기반 -->
<mapper namespace = "member">
  <select id='checkId' resultType='int' parameterType='String'>
    SELECT COUNT(id) as cnt
    FROM member
    WHERE id=#{id}
  </select>

  <insert id="create" parameterType="MemberVO">
    INSERT INTO member(mno, id, passwd, mname, tel, zipcode, address1, address2, mdate)
    VALUES ((SELECT NVL(MAX(mno), 0)+1 as mno FROM member),
    #{id}, #{passwd}, #{mname}, #{tel}, #{zipcode}, #{address1}, #{address2}, sysdate)
  </insert>
  
  <!-- 검색을하지 않는 전체 목록 -->
  <select id="list" resultType="MemberVO">
    SELECT mno, id, passwd, mname, tel, zipcode, address1, address2, mdate
    FROM member
    ORDER BY mno ASC
  </select>

  <!-- 조회 -->
  <select id="read" resultType="MemberVO" parameterType="int">
    SELECT mno, id, passwd, mname, tel, zipcode, address1, address2, mdate
    FROM member
    WHERE mno = #{mno}
  </select>

  <update id="update" parameterType="MemberVO">
    UPDATE member 
    SET mname=#{mname}, tel=#{tel}, zipcode=#{zipcode},
          address1=#{address1}, address2=#{address2}
    WHERE mno=#{mno}
  </update>  

  <select id="passwdCheck" resultType="int" parameterType="Map">
    SELECT COUNT(mno) as cnt
    FROM member
    WHERE mno=#{mno} AND passwd=#{passwd}
  </select>

  <update id="update_passwd" parameterType="Map">
    UPDATE member
    SET passwd=#{passwd}
    WHERE mno=#{mno}
  </update> 

  <delete id="delete" parameterType="int">
    DELETE FROM member
    WHERE mno=#{mno}
  </delete>  
  
  <select id="login" resultType="int" parameterType="MemberVO">
    SELECT COUNT(mno) as cnt
    FROM member
    WHERE id=#{id} AND passwd=#{passwd}
  </select>
            
</mapper>


