<?xml version="1.0" encoding="UTF-8"?>
<!DOCTYPE mapper
PUBLIC "-//mybatis.org//DTD Mapper 3.0//EN"
"http://mybatis.org/dtd/mybatis-3-mapper.dtd">

<mapper namespace = "blog">
  <insert id="create" parameterType="BlogVO">
    INSERT INTO blog(blogno, title, content, good, thumb, file1, size1, cnt, rdate) 
    VALUES((SELECT NVL(MAX(blogno), 0) + 1 as blogno FROM blog), #{title}, #{content}, 0, #{thumb}, #{file1}, #{size1}, 0, sysdate)
  </insert>

  <select id="read" resultType="BlogVO" parameterType="int">
    SELECT blogno, title, content, good, thumb, file1, size1, cnt, rdate 
    FROM blog
    WHERE blogno=#{blogno}
  </select> 
  
  <update id="update" parameterType="BlogVO">
    UPDATE blog
    SET title=#{title}, content=#{content}, thumb=#{thumb}, file1=#{file1}, size1=#{size1}
    WHERE blogno=#{blogno}
  </update>
  
  <delete id="delete" parameterType="int">
    DELETE FROM blog
    WHERE blogno=#{blogno}
  </delete>

  <select id="count" resultType="int" parameterType="HashMap" >
    SELECT COUNT(*) as cnt
    FROM blog
    <choose>
      <when test="col == 'title'">
        WHERE title LIKE '%' || #{word} || '%' 
      </when>
      <when test="col == 'content'">
        WHERE content LIKE '%' || #{word} || '%' 
      </when>
      <when test="col == 'title_content'">
        WHERE title LIKE '%' || #{word} || '%'  OR content LIKE '%' || #{word} || '%' 
      </when>      
    </choose>
  </select>        
 
 
  <!-- ********** 검색, 페이징 시작 ********** -->
  <select id="list" resultType="BlogVO" parameterType="HashMap" >
  SELECT blogno, title, good, thumb, file1, size1, cnt, rdate, r
  FROM(
           SELECT blogno, title, good, thumb, file1, size1, cnt, rdate, rownum as r
           FROM(
                    SELECT blogno, title, good, thumb, file1, size1, cnt, rdate
                    FROM blog
                    <choose>
                        <when test="col == 'title'">
                           WHERE title LIKE '%' || #{word} || '%' 
                        </when>
                        <when test="col == 'content'">
                           WHERE content LIKE '%' || #{word} || '%' 
                        </when>
                        <when test="col == 'title_content'">
                           WHERE title LIKE '%' || #{word} || '%'  OR content LIKE '%' || #{word} || '%' 
                        </when>      
                      </choose>
                      ORDER BY blogno DESC
             )
    )
    WHERE <![CDATA[r >=#{startNum} AND r <= #{endNum}]]>
  </select>  
     
  <!-- ********** 검색, 페이징 종료 ********** -->


</mapper>






